target,censored,feature_i,feature_j,S2,S2_conf
time_to_greyout_s,True,g_peak_abs,dgdt_max_g_per_s,0.03211369242146969,0.09361374236440825
time_to_greyout_s,True,g_peak_abs,profile_duration_s,0.16097299962509626,0.09521347156037288
time_to_greyout_s,True,g_peak_abs,dehydration_level,-0.0020679701225916687,0.08607752865022213
time_to_greyout_s,True,g_peak_abs,g_tolerance_multiplier,-0.0017587325918500196,0.08616880762250832
time_to_greyout_s,True,g_peak_abs,gsuit_max_psi,-0.0018756541023273732,0.08620545312541494
time_to_greyout_s,True,g_peak_abs,gsuit_coverage_fraction,-0.0018756541023273732,0.08620545312541494
time_to_greyout_s,True,g_peak_abs,agsm_effectiveness,-0.001862475372691661,0.08504846308819496
time_to_greyout_s,True,g_peak_abs,pbg_max_mmhg,-0.0018756541023273732,0.08620545312541494
time_to_greyout_s,True,dgdt_max_g_per_s,profile_duration_s,-0.010858686864361922,0.04579766770153093
time_to_greyout_s,True,dgdt_max_g_per_s,dehydration_level,-0.017003676132735335,0.046520527782086075
time_to_greyout_s,True,dgdt_max_g_per_s,g_tolerance_multiplier,-0.01597496428600515,0.04650568878355467
time_to_greyout_s,True,dgdt_max_g_per_s,gsuit_max_psi,-0.01602312211982161,0.046496174898243973
time_to_greyout_s,True,dgdt_max_g_per_s,gsuit_coverage_fraction,-0.01602312211982161,0.046496174898243973
time_to_greyout_s,True,dgdt_max_g_per_s,agsm_effectiveness,-0.01192716623940741,0.04510131423679784
time_to_greyout_s,True,dgdt_max_g_per_s,pbg_max_mmhg,-0.01602312211982161,0.046496174898243973
time_to_greyout_s,True,profile_duration_s,dehydration_level,-0.004010960639048677,0.06946311396273734
time_to_greyout_s,True,profile_duration_s,g_tolerance_multiplier,-0.005036099938750614,0.06959634281711692
time_to_greyout_s,True,profile_duration_s,gsuit_max_psi,-0.005009102001582333,0.06954517165451418
time_to_greyout_s,True,profile_duration_s,gsuit_coverage_fraction,-0.005009102001582333,0.06954517165451418
time_to_greyout_s,True,profile_duration_s,agsm_effectiveness,-0.0013316993761978736,0.0681540332330963
time_to_greyout_s,True,profile_duration_s,pbg_max_mmhg,-0.005009102001582333,0.06954517165451418
time_to_greyout_s,True,dehydration_level,g_tolerance_multiplier,0.0015197966296133457,0.0030507641856759404
time_to_greyout_s,True,dehydration_level,gsuit_max_psi,0.001525043344093942,0.003047591753584983
time_to_greyout_s,True,dehydration_level,gsuit_coverage_fraction,0.001525043344093942,0.003047591753584983
time_to_greyout_s,True,dehydration_level,agsm_effectiveness,0.001617073492398364,0.0030880536629860323
time_to_greyout_s,True,dehydration_level,pbg_max_mmhg,0.001525043344093942,0.003047591753584983
time_to_greyout_s,True,g_tolerance_multiplier,gsuit_max_psi,0.0002037508776709607,0.0009117030072816803
time_to_greyout_s,True,g_tolerance_multiplier,gsuit_coverage_fraction,0.0002037508776709607,0.0009117030072816803
time_to_greyout_s,True,g_tolerance_multiplier,agsm_effectiveness,0.00015240223671109544,0.0009168221902386943
time_to_greyout_s,True,g_tolerance_multiplier,pbg_max_mmhg,0.0002037508776709607,0.0009117030072816803
time_to_greyout_s,True,gsuit_max_psi,gsuit_coverage_fraction,0.0,0.0
time_to_greyout_s,True,gsuit_max_psi,agsm_effectiveness,-1.3010426069826053e-18,6.320337634358777e-18
time_to_greyout_s,True,gsuit_max_psi,pbg_max_mmhg,0.0,0.0
time_to_greyout_s,True,gsuit_coverage_fraction,agsm_effectiveness,-1.3010426069826053e-18,6.320337634358777e-18
time_to_greyout_s,True,gsuit_coverage_fraction,pbg_max_mmhg,0.0,0.0
time_to_greyout_s,True,agsm_effectiveness,pbg_max_mmhg,-0.0003876381396406359,0.013595914745249436
time_to_blackout_s,True,g_peak_abs,dgdt_max_g_per_s,0.014577718431235613,0.108864764664826
time_to_blackout_s,True,g_peak_abs,profile_duration_s,0.1800266193761429,0.10902501218627793
time_to_blackout_s,True,g_peak_abs,dehydration_level,-0.010969054666926036,0.1016605128582489
time_to_blackout_s,True,g_peak_abs,g_tolerance_multiplier,-0.008965897971149385,0.10111293603629963
time_to_blackout_s,True,g_peak_abs,gsuit_max_psi,-0.009432456198525507,0.1011865195073655
time_to_blackout_s,True,g_peak_abs,gsuit_coverage_fraction,-0.009432456198525507,0.1011865195073655
time_to_blackout_s,True,g_peak_abs,agsm_effectiveness,0.002537208494101201,0.09797370406812494
time_to_blackout_s,True,g_peak_abs,pbg_max_mmhg,-0.009432456198525507,0.1011865195073655
time_to_blackout_s,True,dgdt_max_g_per_s,profile_duration_s,-0.011217521562001582,0.03707837628066036
time_to_blackout_s,True,dgdt_max_g_per_s,dehydration_level,-0.011996630746743954,0.03824761199441883
time_to_blackout_s,True,dgdt_max_g_per_s,g_tolerance_multiplier,-0.012094705841427569,0.03839380554403131
time_to_blackout_s,True,dgdt_max_g_per_s,gsuit_max_psi,-0.01219451241203846,0.03847384543262037
time_to_blackout_s,True,dgdt_max_g_per_s,gsuit_coverage_fraction,-0.01219451241203846,0.03847384543262037
time_to_blackout_s,True,dgdt_max_g_per_s,agsm_effectiveness,-0.007956273252993938,0.03776517771796821
time_to_blackout_s,True,dgdt_max_g_per_s,pbg_max_mmhg,-0.01219451241203846,0.03847384543262037
time_to_blackout_s,True,profile_duration_s,dehydration_level,0.023226710269666904,0.05944902644202493
time_to_blackout_s,True,profile_duration_s,g_tolerance_multiplier,0.02294909347747386,0.05938059556517451
time_to_blackout_s,True,profile_duration_s,gsuit_max_psi,0.022962426732966296,0.059399005999017936
time_to_blackout_s,True,profile_duration_s,gsuit_coverage_fraction,0.022962426732966296,0.059399005999017936
time_to_blackout_s,True,profile_duration_s,agsm_effectiveness,0.024019798795535487,0.05923600202399056
time_to_blackout_s,True,profile_duration_s,pbg_max_mmhg,0.022962426732966296,0.059399005999017936
time_to_blackout_s,True,dehydration_level,g_tolerance_multiplier,-0.0013093399353706504,0.0037495112862516496
time_to_blackout_s,True,dehydration_level,gsuit_max_psi,-0.0013198966599174155,0.0037547732241238786
time_to_blackout_s,True,dehydration_level,gsuit_coverage_fraction,-0.0013198966599174155,0.0037547732241238786
time_to_blackout_s,True,dehydration_level,agsm_effectiveness,-0.001213904814334238,0.003673558202750299
time_to_blackout_s,True,dehydration_level,pbg_max_mmhg,-0.0013198966599174155,0.0037547732241238786
time_to_blackout_s,True,g_tolerance_multiplier,gsuit_max_psi,0.0002250297365426962,0.0008971490025693637
time_to_blackout_s,True,g_tolerance_multiplier,gsuit_coverage_fraction,0.0002250297365426962,0.0008971490025693637
time_to_blackout_s,True,g_tolerance_multiplier,agsm_effectiveness,0.0003916656009595688,0.0009155306584271214
time_to_blackout_s,True,g_tolerance_multiplier,pbg_max_mmhg,0.0002250297365426962,0.0008971490025693637
time_to_blackout_s,True,gsuit_max_psi,gsuit_coverage_fraction,0.0,0.0
time_to_blackout_s,True,gsuit_max_psi,agsm_effectiveness,2.6020852139652106e-18,6.796952940303509e-18
time_to_blackout_s,True,gsuit_max_psi,pbg_max_mmhg,0.0,0.0
time_to_blackout_s,True,gsuit_coverage_fraction,agsm_effectiveness,2.6020852139652106e-18,6.796952940303509e-18
time_to_blackout_s,True,gsuit_coverage_fraction,pbg_max_mmhg,0.0,0.0
time_to_blackout_s,True,agsm_effectiveness,pbg_max_mmhg,0.0033841311957658674,0.021051526681195216
time_to_gloc_s,True,g_peak_abs,dgdt_max_g_per_s,0.08084326456355903,0.17646600050054861
time_to_gloc_s,True,g_peak_abs,profile_duration_s,0.15818673093967628,0.1894833147828473
time_to_gloc_s,True,g_peak_abs,dehydration_level,0.02897822553072064,0.16471937185075533
time_to_gloc_s,True,g_peak_abs,g_tolerance_multiplier,0.03027477130553251,0.16466374448620097
time_to_gloc_s,True,g_peak_abs,gsuit_max_psi,0.03029098348485737,0.16466995223747788
time_to_gloc_s,True,g_peak_abs,gsuit_coverage_fraction,0.03029098348485737,0.16466995223747788
time_to_gloc_s,True,g_peak_abs,agsm_effectiveness,0.03003819595320203,0.1645757741518769
time_to_gloc_s,True,g_peak_abs,pbg_max_mmhg,0.03029098348485737,0.16466995223747788
time_to_gloc_s,True,dgdt_max_g_per_s,profile_duration_s,-0.021608860505715158,0.050500658531534307
time_to_gloc_s,True,dgdt_max_g_per_s,dehydration_level,-0.009100224575115216,0.04048836175298036
time_to_gloc_s,True,dgdt_max_g_per_s,g_tolerance_multiplier,-0.01209284690709873,0.040496375490474815
time_to_gloc_s,True,dgdt_max_g_per_s,gsuit_max_psi,-0.012084949556970299,0.0405035106435387
time_to_gloc_s,True,dgdt_max_g_per_s,gsuit_coverage_fraction,-0.012084949556970299,0.0405035106435387
time_to_gloc_s,True,dgdt_max_g_per_s,agsm_effectiveness,-0.011958154202477457,0.04026040988400267
time_to_gloc_s,True,dgdt_max_g_per_s,pbg_max_mmhg,-0.012084949556970299,0.0405035106435387
time_to_gloc_s,True,profile_duration_s,dehydration_level,-0.025828859944349473,0.06397148455346088
time_to_gloc_s,True,profile_duration_s,g_tolerance_multiplier,-0.02567360014585093,0.06384158473874019
time_to_gloc_s,True,profile_duration_s,gsuit_max_psi,-0.02567627079193975,0.06384320462848059
time_to_gloc_s,True,profile_duration_s,gsuit_coverage_fraction,-0.02567627079193975,0.06384320462848059
time_to_gloc_s,True,profile_duration_s,agsm_effectiveness,-0.025258218246405468,0.06533849996191517
time_to_gloc_s,True,profile_duration_s,pbg_max_mmhg,-0.02567627079193975,0.06384320462848059
time_to_gloc_s,True,dehydration_level,g_tolerance_multiplier,-0.0002084286141394267,0.004645453546199494
time_to_gloc_s,True,dehydration_level,gsuit_max_psi,-0.0002082302132276133,0.004645502097880646
time_to_gloc_s,True,dehydration_level,gsuit_coverage_fraction,-0.0002082302132276133,0.004645502097880646
time_to_gloc_s,True,dehydration_level,agsm_effectiveness,0.0009056331784033237,0.005763873658552129
time_to_gloc_s,True,dehydration_level,pbg_max_mmhg,-0.0002082302132276133,0.004645502097880646
time_to_gloc_s,True,g_tolerance_multiplier,gsuit_max_psi,-2.9766079700050165e-05,5.348942910106798e-05
time_to_gloc_s,True,g_tolerance_multiplier,gsuit_coverage_fraction,-2.9766079700050165e-05,5.348942910106798e-05
time_to_gloc_s,True,g_tolerance_multiplier,agsm_effectiveness,-3.139098755492332e-05,5.477154223166143e-05
time_to_gloc_s,True,g_tolerance_multiplier,pbg_max_mmhg,-2.9766079700050165e-05,5.348942910106798e-05
time_to_gloc_s,True,gsuit_max_psi,gsuit_coverage_fraction,0.0,0.0
time_to_gloc_s,True,gsuit_max_psi,agsm_effectiveness,-1.3010426069826053e-18,7.763556462048059e-18
time_to_gloc_s,True,gsuit_max_psi,pbg_max_mmhg,0.0,0.0
time_to_gloc_s,True,gsuit_coverage_fraction,agsm_effectiveness,-1.3010426069826053e-18,7.763556462048059e-18
time_to_gloc_s,True,gsuit_coverage_fraction,pbg_max_mmhg,0.0,0.0
time_to_gloc_s,True,agsm_effectiveness,pbg_max_mmhg,0.006525422072177122,0.023159648472622783
hlap_min,False,g_peak_abs,dgdt_max_g_per_s,3.7433020190010436e-05,0.0006047097831288511
hlap_min,False,g_peak_abs,profile_duration_s,4.1052444484289326e-05,0.0006044302860785012
hlap_min,False,g_peak_abs,dehydration_level,0.0005133897936071552,0.0007622093035826409
hlap_min,False,g_peak_abs,g_tolerance_multiplier,3.676647815841073e-05,0.0006050569420059436
hlap_min,False,g_peak_abs,gsuit_max_psi,3.67278618716523e-05,0.0006050582636322903
hlap_min,False,g_peak_abs,gsuit_coverage_fraction,3.67278618716523e-05,0.0006050582636322903
hlap_min,False,g_peak_abs,agsm_effectiveness,3.6723373252663404e-05,0.0006050395873929168
hlap_min,False,g_peak_abs,pbg_max_mmhg,3.67278618716523e-05,0.0006050582636322903
hlap_min,False,dgdt_max_g_per_s,profile_duration_s,-0.00011819831660922494,0.0006829152664006057
hlap_min,False,dgdt_max_g_per_s,dehydration_level,-0.00022472980155807676,0.0008263893413614638
hlap_min,False,dgdt_max_g_per_s,g_tolerance_multiplier,-0.0001289333510801063,0.0006817194496285207
hlap_min,False,dgdt_max_g_per_s,gsuit_max_psi,-0.0001310108449884968,0.0006831512527648233
hlap_min,False,dgdt_max_g_per_s,gsuit_coverage_fraction,-0.0001310108449884968,0.0006831512527648233
hlap_min,False,dgdt_max_g_per_s,agsm_effectiveness,-0.0001298558414229288,0.0006825834338581745
hlap_min,False,dgdt_max_g_per_s,pbg_max_mmhg,-0.0001310108449884968,0.0006831512527648233
hlap_min,False,profile_duration_s,dehydration_level,0.00047752794047473124,0.0015027682246728051
hlap_min,False,profile_duration_s,g_tolerance_multiplier,-0.00026992913028394143,0.0011367216819165378
hlap_min,False,profile_duration_s,gsuit_max_psi,-0.00026892722996662617,0.0011377444013784058
hlap_min,False,profile_duration_s,gsuit_coverage_fraction,-0.00026892722996662617,0.0011377444013784058
hlap_min,False,profile_duration_s,agsm_effectiveness,-0.00026955443254763343,0.0011373277260142219
hlap_min,False,profile_duration_s,pbg_max_mmhg,-0.00026892722996662617,0.0011377444013784058
hlap_min,False,dehydration_level,g_tolerance_multiplier,-0.0008911556204445636,0.024901024376614823
hlap_min,False,dehydration_level,gsuit_max_psi,-0.0008915634937702865,0.0249015146225082
hlap_min,False,dehydration_level,gsuit_coverage_fraction,-0.0008915634937702865,0.0249015146225082
hlap_min,False,dehydration_level,agsm_effectiveness,-0.0007348750277567499,0.02483733531922136
hlap_min,False,dehydration_level,pbg_max_mmhg,-0.0008915634937702865,0.0249015146225082
hlap_min,False,g_tolerance_multiplier,gsuit_max_psi,0.00014449172229619465,0.00014859857134448876
hlap_min,False,g_tolerance_multiplier,gsuit_coverage_fraction,0.00014449172229619465,0.00014859857134448876
hlap_min,False,g_tolerance_multiplier,agsm_effectiveness,0.00014447984164231968,0.00014858343581138734
hlap_min,False,g_tolerance_multiplier,pbg_max_mmhg,0.00014449172229619465,0.00014859857134448876
hlap_min,False,gsuit_max_psi,gsuit_coverage_fraction,0.0,0.0
hlap_min,False,gsuit_max_psi,agsm_effectiveness,2.168404344971009e-19,2.393532736775051e-18
hlap_min,False,gsuit_max_psi,pbg_max_mmhg,0.0,0.0
hlap_min,False,gsuit_coverage_fraction,agsm_effectiveness,2.168404344971009e-19,2.393532736775051e-18
hlap_min,False,gsuit_coverage_fraction,pbg_max_mmhg,0.0,0.0
hlap_min,False,agsm_effectiveness,pbg_max_mmhg,3.1086178417356295e-06,0.0003588038200195265
c_bank_min,False,g_peak_abs,dgdt_max_g_per_s,0.02185793512741917,0.08133567612620733
c_bank_min,False,g_peak_abs,profile_duration_s,0.1006042139472953,0.09715093451510334
c_bank_min,False,g_peak_abs,dehydration_level,0.022020337894846496,0.08178263294039456
c_bank_min,False,g_peak_abs,g_tolerance_multiplier,0.02196932678245089,0.0816950157251223
c_bank_min,False,g_peak_abs,gsuit_max_psi,0.021984087680083753,0.08167548566167612
c_bank_min,False,g_peak_abs,gsuit_coverage_fraction,0.021984087680083753,0.08167548566167612
c_bank_min,False,g_peak_abs,agsm_effectiveness,0.026820326870834483,0.08285623230080164
c_bank_min,False,g_peak_abs,pbg_max_mmhg,0.021984087680083753,0.08167548566167612
c_bank_min,False,dgdt_max_g_per_s,profile_duration_s,-0.002804571867108002,0.011354389525554492
c_bank_min,False,dgdt_max_g_per_s,dehydration_level,-0.0029580292278645203,0.009728364363185376
c_bank_min,False,dgdt_max_g_per_s,g_tolerance_multiplier,-0.002946808171486993,0.009767139576473618
c_bank_min,False,dgdt_max_g_per_s,gsuit_max_psi,-0.0029484606469631046,0.009767007452534006
c_bank_min,False,dgdt_max_g_per_s,gsuit_coverage_fraction,-0.0029484606469631046,0.009767007452534006
c_bank_min,False,dgdt_max_g_per_s,agsm_effectiveness,-0.0035513432802103152,0.009877337349426845
c_bank_min,False,dgdt_max_g_per_s,pbg_max_mmhg,-0.0029484606469631046,0.009767007452534006
c_bank_min,False,profile_duration_s,dehydration_level,-0.028619041426875803,0.05948236517520096
c_bank_min,False,profile_duration_s,g_tolerance_multiplier,-0.027879575618844164,0.05974965239826571
c_bank_min,False,profile_duration_s,gsuit_max_psi,-0.0279214216395334,0.05974377668556669
c_bank_min,False,profile_duration_s,gsuit_coverage_fraction,-0.0279214216395334,0.05974377668556669
c_bank_min,False,profile_duration_s,agsm_effectiveness,-0.021855838132514332,0.06072609731405085
c_bank_min,False,profile_duration_s,pbg_max_mmhg,-0.0279214216395334,0.05974377668556669
c_bank_min,False,dehydration_level,g_tolerance_multiplier,0.00016007561573903368,0.002214060754561143
c_bank_min,False,dehydration_level,gsuit_max_psi,0.00015832053432836182,0.0022141479460026075
c_bank_min,False,dehydration_level,gsuit_coverage_fraction,0.00015832053432836182,0.0022141479460026075
c_bank_min,False,dehydration_level,agsm_effectiveness,0.00016491383759221438,0.0022220915933920476
c_bank_min,False,dehydration_level,pbg_max_mmhg,0.00015832053432836182,0.0022141479460026075
c_bank_min,False,g_tolerance_multiplier,gsuit_max_psi,2.1014673994647527e-05,0.00033781041034327685
c_bank_min,False,g_tolerance_multiplier,gsuit_coverage_fraction,2.1014673994647527e-05,0.00033781041034327685
c_bank_min,False,g_tolerance_multiplier,agsm_effectiveness,-5.128793388264018e-07,0.00033837634640180024
c_bank_min,False,g_tolerance_multiplier,pbg_max_mmhg,2.1014673994647527e-05,0.00033781041034327685
c_bank_min,False,gsuit_max_psi,gsuit_coverage_fraction,0.0,0.0
c_bank_min,False,gsuit_max_psi,agsm_effectiveness,8.673617379884035e-19,5.852799735903425e-18
c_bank_min,False,gsuit_max_psi,pbg_max_mmhg,0.0,0.0
c_bank_min,False,gsuit_coverage_fraction,agsm_effectiveness,8.673617379884035e-19,5.852799735903425e-18
c_bank_min,False,gsuit_coverage_fraction,pbg_max_mmhg,0.0,0.0
c_bank_min,False,agsm_effectiveness,pbg_max_mmhg,-0.0012844822271166588,0.012922883174992536
